{"cameraMode":{"drawMode":0,"name":"Shaded","section":"Shading Mode"},"sceneLighting":true,"audioPlay":false,"sceneViewState":{"m_AlwaysRefresh":false,"showFog":true,"showSkybox":true,"showFlares":true,"showImageEffects":true,"showParticleSystems":true,"showVisualEffectGraphs":true,"m_FxEnabled":true},"in2DMode":false,"pivot":{"x":3.166611671447754,"y":-1.7747325897216797,"z":4.94999885559082},"rotation":{"x":0.4949879050254822,"y":-0.03907443955540657,"z":0.022289499640464784,"w":0.8677346110343933},"size":13.090516090393067,"orthographic":true}